category,type,name,file
의류,명품,에르메스,hermes
의류,명품,로로피아나,loroPiana
의류,명품,구찌,gucci
의류,명품,디올,dior
의류,명품,샤넬,chanel
의류,명품,프라다,prada
의류,명품,몽클레어,moncler
의류,명품,펜디,fendi
의류,명품,버버리,burberry
의류,명품,톰브라운,thomBrowne
의류,명품,발리,bally
의류,명품,지방시,givenchy
의류,명품,미우미우,miumiu
의류,명품,아페쎄,apc
의류,명품,셀린느,celine
의류,명품,끌로에,chloe
의류,명품,랑방,lanvin
의류,명품,질샌더,jilSander
의류,명품,리스,reiss
의류,명품,입생로랑,ysl
의류,명품,미스터앤미세스,mrNmrs
의류,명품,이네제마레샬,ines
의류,명품,가니,ganni
의류,명품,에이에스65,as65
의류,명품,포르테쿠튀르,forteCouture
의류,명품,노비스,nobis
의류,명품,이브살로몬,yvesSalomon
의류,명품,두베디카,duvetica
의류,명품,맥케이지,mackage
의류,명품,아비쏘,avviso
의류,명품,돌체앤가바나,dolce
의류,명품,에르노,herno
의류,명품,쟈크뮈스,jacquemus
의류,명품,알마니,armani
의류,명품,릭오웬스,rickOwens
의류,명품,팜엔젤스,palmAngels
의류,명품,벨루티,berluti
의류,명품,란스미어,lansmere
의류,명품,톰포드,tomFord
의류,명품,발렌시아가,balenciaga
의류,명품,막스마라,maxmara
의류,명품,무스너클,mooseKnuckles
의류,명품,옌키옌키,ienki
의류,명품,준지,juunJ
의류,명품,브루넬로 쿠치넬리,brunello
의류,명품,파라점퍼스,parajumpers
의류,명품,메종마르지엘라,maisonMargiela
의류,명품,캐나다구스,canadaGoose
의류,준명품,아크네스튜디오,acneStudios
의류,준명품,타임,time
의류,준명품,시스템,system
의류,준명품,산드로,sandro
의류,준명품,COS,cos
의류,준명품,디스퀘어드,dsquared
의류,준명품,마르니,marni
의류,준명품,폴로 퍼플라벨,purpleLabel
의류,준명품,스톤아일랜드,stoneIsland
의류,준명품,꼼데가르송,commedes
의류,준명품,베트멍,vetements
의류,준명품,오프화이트,offWhite
의류,준명품,비비안웨스트우드,vivienne
의류,준명품,겐조,kenzo
의류,준명품,아미,ami
의류,준명품,메종키츠네,maisonKitsune
의류,준명품,이자벨마랑,isabelMarant
의류,준명품,C.P company,cpCompany
신발류,명품,에르메스,hermes
신발류,명품,로로피아나,loroPiana
신발류,명품,샤넬,chanel
신발류,명품,구찌,dior
신발류,명품,루이비통,gucci
신발류,명품,프라다,prada
신발류,명품,입생로랑,ysl
신발류,명품,지방시,givenchy
신발류,명품,펜디,fendi
신발류,명품,메종 마르지엘라,maisonMargiela
신발류,명품,아페쎄,apc
신발류,명품,셀린느,celine
신발류,명품,겐조,kenzo
신발류,명품,버버리,burberry
신발류,명품,디올,dior
신발류,명품,톰포드,tomFord
신발류,명품,아크네스튜디오,acneStudios
신발류,명품,브루넬로 쿠치넬리,brunello
신발류,명품,쥬세페자노티,Giuseppe
신발류,명품,오프화이트,offWhite
신발류,명품,톰브라운,thomBrowne
신발류,명품,발리,bally
신발류,명품,릭오웬스,rickOwens
신발류,명품,베트멍,vetements
신발류,명품,끌로에,chloe
신발류,명품,마르니,marni
신발류,명품,지미추,jimmyChoo
신발류,명품,발렌시아가,balenciaga
신발류,명품,돌체앤가바나,dolce
신발류,준명품,조던,jordan
신발류,준명품,나이키 콜라보(한정판),nike
신발류,준명품,아디다스 콜라보(한정판),adidas
신발류,준명품,알렉산더 맥퀸,alexander
신발류,준명품,골든구스,goldenGoose
신발류,준명품,발렌티노,valentino